Title,Product Category,Tags,Colors,Size,Variant Price,SEO Description
Walkoutwear 6 Pocket Cargo,Apparel & Accessories > Clothing > Pants,"cargo, New Arrival, Saleproduct","Olive Green, Grey, Light Grey, Black","M-Medium, XL-X large, L-Large",1899.00,
Walkoutwear Half Down-Shoulder MEN T-Shirt (Green),,"New Arrival, tshirt",Green,"S-Small, L-Large, X-Large, M-Medium",499.00,
Everest Edition Trek-Pant For Men,,"New Arrival, Summer pants",Black/Grey,"XXL, M, XL, L",2199.00,100% Walkout Wear Original Product with Soft Fur inside .Best Trekking and Hiking equipment Brand in india. Water Repellent makes you feel dry in your adventures journey. we provide you best camping equipment in best price online. Walkoutwear's Everest Edition For Your Everest Trekking.
Kasol Edition Trekking Trouser,Apparel & Accessories > Clothing > Pants,"New Arrival, Summer pants","Grey, Green, Black","XXL, M, XL, L",1799.00,"Walkoutwear Kasol Edition Summer Trekking Trouser, Best Trekking wear brand in India. Water Repellent Breathable and streachable. Regular Fit with Streachable Waist. Best Summer Trekking Trouser Lower And Pants For mens. quick dry trek pants for men and women, unisex products summer wear trek pants, best quality trek wear"
Master Edition Trekking Trousers,Apparel & Accessories > Clothing > Pants,"New Arrival, Summer pants","Blue, Black, Light Brown","XXL, M, XL, L",2244.00,"Walkoutwear master edition summer trousers offering durability and practicality with their elasticated waist for better comfort and Four practical pockets. Ruff&Tuf Trekking Trousers Pants In India By Walkoutwear. Best Lower In Winter, Best Mens Lower Pants & Sports Trousers For men."
Mount Logan Edition Trek-Pant,,"New Arrival, Summer pants","Green, Blue, Black","XXL, M, XL, L",1919.00,"Walkoutwear Mount Logan Edition Summer Trousers offering durability and practicality with their elasticated waist for better comfort and Four practical pockets. Ruff&Tuf Trekking Trousers Pants In India By Walkoutwear. Best Lower In Winter, Best Mens Lower Pants & Sports Trousers For men."
Mount Roman Edition Trekking Trousers,Apparel & Accessories > Clothing > Pants,"New Arrival, Summer pants","Grey, Black","XXL, M, XL, L",2444.00,"Walkoutwear Mount-Roman edition summer trousers offering durability and practicality with their elasticated waist for better comfort and Four practical pockets. Ruff&Tuf Trekking Trousers Pants In India By Walkoutwear. Best Lower In Winter, Best Mens Lower Pants & Sports Trousers For men."
New Korean Storm Hoodie For Men,,"jacket, SaleJKT","Off White, Bright Blue, Neon Green, Black","M, XL, L",2599.00,
Shkhara Edition Warm Winter Trek-Pant,Apparel & Accessories > Clothing,track pant,Pastle-Blue/Nevy Blue,"M, XL, L",2400.00,"Terry fabric Ruff & Tuff Track Pant for Hiking and Trekking. Water Repellent, Breathable & Stretchable. Comfortable fit with Adjustable bottom & stretchable waist. Two Side pocket with Zip. Easy wash/ Quick Dry. made in India products"
Broad Peak Edition Trek-Pant For Men,Apparel & Accessories > Clothing > Pants,Summer pants,"Olive, Grey, Black","XXL, M, XL, L",1999.00,"Walkoutwear Broad peak Edition Trekking Trouser, Best Trekking Trousers in India. Water Repellent Breathable and streachable with HYPAWARM Technlogy. Comfortable fit with Adjustable bottom. Best Winter Lower, Best Trousers, Mens Trousers Pants In India."
Lhoste Edition Trek-Pant Detachable For Men,,"New Arrival, Summer pants","Green, Black","XXL, M, XL, L",1699.00,"Walkoutwear Lhoste Edition Summer Trousers offering durability and practicality with their elasticated waist for better comfort and Four practical pockets. Ruff&Tuf Trekking Trousers Pants In India By Walkoutwear. Best Lower In Winter, Best Mens Lower, Lower Pants & Trousers at best Price, Sports Trousers For men"
Master Edition Trekking Trousers ( Grey),,Summer pants,"Medium, Large, X Large",Black,2199.00,"Walkoutwear master edition summer trousers offering durability and practicality with their elasticated waist for better comfort and Four practical pockets. Ruff&Tuf Trekking Trousers Pants In India By Walkoutwear. Best Lower In Winter, Best Mens Lower Pants & Sports Trousers For men."
Rakaposhi Edition Trek-Pant For Men,Apparel & Accessories > Clothing > Outerwear > Snow Pants & Suits,"New Arrival, Summer pants","Grey, Green, Black","32, 34, 30, 36",2199.00,"Teslon Fabric. Durable and Comfortable. Water Repellent and Stretchable. Breathable Fabric. Comfort fit with Adjustable bottom and stretchable waist. Ruff&Tuf Trekking Trousers Pants In India By Walkoutwear. Best Lower In Winter, Best Mens Lower Pants & Sports Trousers For men."
Rakaposhi Edition Trekking Trouser,,"Saleproduct, Salewinter, WT1","Grey, Black","34- X Large, 36- XX Large, 34-X Large, 32-Large, 30-Medium",999.00,"Teslon Fabric. Durable and Comfortable. Water Repellent and Stretchable. Breathable Fabric with Quick Dry fleece inside. Comfort fit with Adjustable bottom and stretchable waist. Ruff&Tuf Trekking Trousers Pants In India By Walkoutwear. Best Lower In Winter, Best Mens Lower Pants & Sports Trousers For men."
Walkoutwear 5 in Pocket Convertible Cargo,Apparel & Accessories > Clothing > Pants,"cargo, New Arrival","Olive Green, Grey","M, XL, L",1699.00,
Walkoutwear 6 Pocket Dual Divider Cargo,Apparel & Accessories > Clothing > Pants,"cargo, New Arrival","Light Green, Black","XXL, M, XL, L",2999.00,
Walkoutwear 7 Pocket Cargo,Apparel & Accessories > Clothing > Pants,"cargo, New Arrival, Saleproduct","Olive Green, Black, grey","XXL, M, XL, L",1999.00,
Walkoutwear Over-Sized 7 Pocket Cargo,Apparel & Accessories > Clothing > Pants,"cargo, New Arrival","Light Green, Grey, Brown, Olive Green","XXL, M, XL, L",2449.00,
Walkoutwear Dual Side Wearable Winter Jacket For Men,Apparel & Accessories > Clothing > Outerwear > Coats & Jackets,"jacket, SaleJKT",Printed/Black,"M-Medium, L-Large, Xl-Extra Large",2999.00,"100% Original Walkoutwear's Exclusive Reversible Jacket Best Quality Imported Teslon Fabric From Outside. Soft Reversible Fleece Inside for extra warmth. Wind-proof, water-repellent, Durable & Breathable. 
"
Walkoutwear Dual Side Wearable Winter Jacket For Men,Apparel & Accessories > Clothing > Outerwear > Coats & Jackets,"jacket, SaleJKT",Printed/Black,"M-Medium, L-Large, Xl-Extra Large",2999.00,"100% Original Walkoutwear's Exclusive Reversible Jacket Best Quality Imported Teslon Fabric From Outside. Soft Reversible Fleece Inside for extra warmth. Wind-proof, water-repellent, Durable & Breathable. 
"
Everest Edition Trekking Pant ( Grey),,WT1,"., in","34- X Large, 30- Medium, 32- Large",2199.00,100% Walkout Wear Original Product with Soft Fur inside .Best Trekking and Hiking equipment Brand in india. Water Repellent (Hydrophobic) makes you feel dry in your adventures journey. we provide you best camping equipment in best price online. Walkoutwear's Everest Edition For Your Everest Trekking.
Walkoutwear Dual Side Reversible Jacket For Men,Apparel & Accessories > Clothing > Outerwear > Coats & Jackets,"jacket, SaleJKT",BLACK/BLACK,"M-Medium, L-Large, Xl-Extra Large",2199.00,"100% Original Walkoutwear's Exclusive Reversible Jacket Best Quality Imported Teslon Fabric From Outside. Soft Reversible Fleece Inside for extra warmth. Wind-proof, water-repellent, Durable & Breathable. 
"
Walkoutwear Full Sleeve MEN T-shirt,,tshirt,"Grey, Black","S-Small, L-Large, M-Medium",599.00,"Walkoutwear mens full sleeves tshirt for men. Light Weight T-Shirt for men and women. Latest trends in men's fashion. discover our  wide range of men & women collection trouser,jogger,shirt,jacket t-shirt Etc."
Walkoutwear Full Sleeves Packable T-shirt,,tshirt,"Grey Milanche, Green Milanche","S-Small, L-large, M-Medium",710.00,"Walkoutwear mens polyster wool packable full sleeves tshirt for men. Light Weight T-Shirt for men and women. Latest trends in men's fashion. discover our  wide range of men & women collection trouser,jogger,shirt,jacket t-shirt Etc."
Walkoutwear Illuminati Edition Jacket,,"home, jacket","Brown, Blue","M, XL, L",2499.00,
Walkoutwear Men's Over-sized Fit Jogger Cargo,Apparel & Accessories > Clothing > Pants,"cargo, New Arrival","Off-White, Light-Green, Sky-Blue, Maroon, Black","XXL, M, XL, L",1799.00,
Walkout Wear Storm Edition Hoodie,,jacket,"Green, Cream, Black, Blue","XXL, M, XL, L",1599.00,
Monte Rosa Edition Trekking pant,,"Saleproduct, Salewinter, WT1","Grey, Green","32-Large, 34-X Large, 30-Medium",999.00,"Walkoutwear Monte Rosa Edition, Best Trekking Pants In India. We are using Imported Fabric Teslon. Trekking and Hiking Track pant. Water Repellent Breathable Fabric with Soft Furr inside. Comfort fit Stretchable waist. Easy wash/ Quick Dry. Ruff&Tuf Trekking Trousers Pants In India By Walkoutwear. Best Lower In Winter, Best Mens Lower Pants & Sports Trousers For men."
Walkoutwear {Neo} 6 pocket  Cargo,Apparel & Accessories > Clothing > Pants,"cargo, New Arrival",Grey,"XXL, M, XL, L",2999.00,
Walkoutwear New Age 6-Pocket Convertible cargo,Apparel & Accessories > Clothing > Pants,"cargo, New Arrival","Beach, Olive Green, Blue, Black/Stretchable","XL, M, S, L, XXL",2199.00,
Walkoutwear New Age 7 Pocket Cargo,,"cargo, New Arrival, Saleproduct","Light Green, Olive Green, black, blue","M, XL, L",2490.00,
Walkoutwear New Age Straight Zip Pocket Cargo,Apparel & Accessories > Clothing > Pants,"cargo, New Arrival","Light Green, Grey, Green, Black","XXL, M, XL, L",2499.00,
Walkoutwear New Electro Edition Winter Jacket,,"jacket, SaleJKT","Black/Sky Blue, Black/Olive Green, Black/Navy Blue, Black/Voilet","M, XL, L",3999.00,WALKOUTWEAR'S Exclusive Electro Edition Gives you Attractive Looks and Design. Durable and highly Water-Repellent with great breathability and flexibility. Best Trekking Jacket by Walkoutwear India makes you warmer in -10°C with Curly Piled Fabric inside.
Walkoutwear New Polar Edition Winter Jacket,,jacket,"Black/Grey, Black/Green, Black/Voilet, Black","M, XL, L",3299.00,WALKOUTWEAR'S Exclusive Electro Edition Gives you Attractive Looks and Design. Durable and highly Water-Repellent with great breathability and flexibility. Best Trekking Jacket by Walkoutwear India makes you warmer in -10°C with Curly Piled Fabric inside.
Walkoutwear Premium Baggy Style 6 Pocket Cargo,Apparel & Accessories > Clothing > Pants,"cargo, New Arrival","Grey, Light-Grey, Sky-Blue, Camel","XXL, M, XL, L",2499.00,
Walkoutwear Premium In Contrast Convertible Cargo,Apparel & Accessories > Clothing > Pants,"cargo, New Arrival","Grey, Dark Grey, Green","XXL, M, XL, L",2899.00,
Walkoutwear Premium Work-Wear Multi-Pocket Cargo,Apparel & Accessories > Clothing > Pants,"cargo, New Arrival","Grey, Rusty Brown, Green","XXL, M, XL, L",2999.00,
Walkoutwear Semi-SKI-Pants For Men (Black),Apparel & Accessories > Clothing > Outerwear > Snow Pants & Suits,"New Arrival, ski","Black, OFF-White","M, XL, L",2999.00,
Walkoutwear Side Cut Pocket Cargo,Apparel & Accessories > Clothing > Pants,"cargo, New Arrival, Saleproduct","Light Green, Olive Green, Grey, Black","M-Medium, XL-X large, L-Large",1999.00,
Walkoutwear Single Zip Pocket Cargo,Apparel & Accessories > Clothing > Pants,"cargo, New Arrival","Slate/Grey, Black/Grey, Grey/Black","XXL, M, XL, L",2699.00,
Walkoutwear Straight Zip Pocket Cargo,Apparel & Accessories > Clothing > Pants,"cargo, New Arrival, Saleproduct","Green, Grey, Beach/Streachable, Light Green, Black","XXL, M, XL, L",1749.00,
Walkoutwear Streight Fit Premium Cargo,Apparel & Accessories > Clothing > Pants,"cargo, New Arrival","Grey, Green","XXL, M, XL, L",2899.00,
